"x","y","floor"
-1.5,67.5,0
-1.5,66,0
-1.5,64.5,0
-1.5,63,0
-1.5,61.5,0
-1.5,60,0
-1.5,58.5,0
-1.5,57,0
-1.5,55.5,0
-1.5,54,0
-1.5,52.5,0
-0.75,68.25,0
-0.75,51.75,0
-0.75,42.75,0
-0.75,41.25,0
-0.75,39.75,0
-0.75,38.25,0
-0.75,36.75,0
-0.75,35.25,0
-0.75,33.75,0
-0.75,32.25,0
-0.75,30.75,0
-0.75,29.25,0
-0.75,27.75,0
-0.75,26.25,0
-0.75,24.75,0
-0.75,21.75,0
-0.75,20.25,0
-0.75,18.75,0
-0.75,17.25,0
-0.75,15.75,0
-0.75,14.25,0
-0.75,12.75,0
-0.75,11.25,0
-0.75,9.75,0
-0.75,8.25,0
-0.75,6.75,0
-0.75,5.25,0
-0.75,3.75,0
-0.75,2.25,0
-0.75,0.75,0
-0.75,-0.75,0
0.75,68.25,0
0.75,51.75,0
0.75,42.75,0
0.75,-0.75,0
2.25,68.25,0
2.25,51.75,0
2.25,42.75,0
2.25,-0.75,0
3,0,0
3.75,68.25,0
3.75,51.75,0
3.75,42.75,0
3.75,0.75,0
5.25,68.25,0
5.25,66,0
5.25,64.5,0
5.25,51.75,0
5.25,42.75,0
5.25,0.75,0
6.75,68.25,0
6.75,64.5,0
6.75,51.75,0
6.75,42.75,0
6.75,0.75,0
7.5,23.25,0
7.5,21.75,0
7.5,20.25,0
7.5,18.75,0
7.5,17.25,0
7.5,15.75,0
7.5,14.25,0
7.5,12.75,0
7.5,11.25,0
7.5,1.5,0
8.25,68.25,0
8.25,64.5,0
8.25,63,0
8.25,61.5,0
8.25,60,0
8.25,55.5,0
8.25,54,0
8.25,52.5,0
8.25,51.75,0
8.25,42.75,0
8.25,18,0
8.25,2.25,0
9.75,68.25,0
9.75,63,0
9.75,61.5,0
9.75,58.5,0
9.75,57,0
9.75,55.5,0
9.75,54,0
9.75,52.5,0
9.75,51.75,0
9.75,42.75,0
9.75,18,0
9.75,2.25,0
10.5,3,0
11.25,68.25,0
11.25,58.5,0
11.25,57,0
11.25,55.5,0
11.25,54,0
11.25,52.5,0
11.25,51.75,0
11.25,42.75,0
11.25,18,0
11.25,3.75,0
12.75,68.25,0
12.75,58.5,0
12.75,57,0
12.75,55.5,0
12.75,54,0
12.75,52.5,0
12.75,51.75,0
12.75,42.75,0
12.75,18,0
12.75,3.75,0
13.5,4.5,0
14.25,68.25,0
14.25,58.5,0
14.25,57,0
14.25,55.5,0
14.25,54,0
14.25,51.75,0
14.25,42.75,0
14.25,18,0
14.25,5.25,0
15.75,68.25,0
15.75,51.75,0
15.75,42.75,0
15.75,40.5,0
15.75,39,0
15.75,37.5,0
15.75,36,0
15.75,34.5,0
15.75,33,0
15.75,31.5,0
15.75,30,0
15.75,28.5,0
15.75,27,0
15.75,25.5,0
15.75,24,0
15.75,22.5,0
15.75,21,0
15.75,19.5,0
15.75,18,0
15.75,16.5,0
15.75,15,0
15.75,13.5,0
15.75,12,0
15.75,5.25,0
16.5,67.5,0
16.5,66,0
16.5,64.5,0
16.5,63,0
16.5,61.5,0
16.5,60,0
16.5,58.5,0
16.5,57,0
16.5,55.5,0
16.5,54,0
16.5,52.5,0
16.5,6,0
17.25,42.75,0
17.25,40.5,0
17.25,39,0
17.25,37.5,0
17.25,36,0
17.25,34.5,0
17.25,33,0
17.25,28.5,0
17.25,27,0
17.25,25.5,0
17.25,24,0
17.25,22.5,0
17.25,20.25,0
17.25,18,0
17.25,16.5,0
17.25,15,0
17.25,13.5,0
17.25,12,0
17.25,6.75,0
18.75,42.75,0
18.75,40.5,0
18.75,39,0
18.75,37.5,0
18.75,36,0
18.75,34.5,0
18.75,33,0
18.75,31.5,0
18.75,30,0
18.75,28.5,0
18.75,27,0
18.75,25.5,0
18.75,24,0
18.75,22.5,0
18.75,18,0
18.75,16.5,0
18.75,15,0
18.75,13.5,0
18.75,12,0
18.75,6.75,0
20.25,42.75,0
20.25,40.5,0
20.25,39,0
20.25,37.5,0
20.25,36,0
20.25,31.5,0
20.25,30,0
20.25,28.5,0
20.25,27,0
20.25,25.5,0
20.25,24,0
20.25,22.5,0
20.25,18,0
20.25,16.5,0
20.25,15,0
20.25,13.5,0
20.25,12,0
20.25,6.75,0
21,7.5,0
21.75,42.75,0
21.75,39,0
21.75,37.5,0
21.75,36,0
21.75,18,0
21.75,8.25,0
23.25,42.75,0
23.25,39,0
23.25,37.5,0
23.25,36,0
23.25,18,0
23.25,8.25,0
24.75,42.75,0
24.75,39,0
24.75,37.5,0
24.75,36,0
24.75,18,0
24.75,8.25,0
25.5,9,0
26.25,42.75,0
26.25,39,0
26.25,37.5,0
26.25,36,0
26.25,18,0
26.25,9.75,0
27.75,42.75,0
27.75,39,0
27.75,37.5,0
27.75,36,0
27.75,18,0
27.75,9.75,0
28.5,10.5,0
29.25,42.75,0
29.25,39,0
29.25,37.5,0
29.25,36,0
29.25,18,0
29.25,11.25,0
30.75,42.75,0
30.75,39,0
30.75,37.5,0
30.75,36,0
30.75,18,0
30.75,11.25,0
32.25,42.75,0
32.25,39,0
32.25,37.5,0
32.25,36,0
32.25,27,0
32.25,25.5,0
32.25,24,0
32.25,22.5,0
32.25,21,0
32.25,19.5,0
32.25,18,0
32.25,11.25,0
33,12,0
33.75,42.75,0
33.75,39,0
33.75,37.5,0
33.75,36,0
33.75,12.75,0
34.5,13.5,0
35.25,42.75,0
35.25,39,0
35.25,37.5,0
35.25,36,0
35.25,14.25,0
36.75,42.75,0
36.75,39,0
36.75,37.5,0
36.75,36,0
36.75,14.25,0
38.25,42.75,0
38.25,39,0
38.25,37.5,0
38.25,36,0
38.25,14.25,0
39.75,42.75,0
39.75,39,0
39.75,37.5,0
39.75,36,0
39.75,14.25,0
40.5,15,0
41.25,42.75,0
41.25,15.75,0
42,42,0
42,40.5,0
42,39,0
42,37.5,0
42,36,0
42,34.5,0
42,33,0
42,31.5,0
42,30,0
42,28.5,0
42,27,0
42,25.5,0
42,24,0
42,22.5,0
42,21,0
42,19.5,0
42,18,0
42,16.5,0
0.75,66,1
0.75,64.5,1
0.75,40.5,1
0.75,39,1
0.75,37.5,1
0.75,36,1
0.75,34.5,1
0.75,33,1
0.75,30,1
0.75,28.5,1
0.75,27,1
0.75,25.5,1
0.75,24,1
0.75,22.5,1
0.75,21,1
0.75,19.5,1
0.75,18,1
0.75,16.5,1
0.75,10.5,1
0.75,9,1
0.75,7.5,1
0.75,6,1
0.75,4.5,1
0.75,3,1
0.75,1.5,1
2.25,66,1
2.25,64.5,1
2.25,40.5,1
2.25,39,1
2.25,37.5,1
2.25,36,1
2.25,34.5,1
2.25,33,1
2.25,30,1
2.25,28.5,1
2.25,27,1
2.25,25.5,1
2.25,24,1
2.25,22.5,1
2.25,21,1
2.25,19.5,1
2.25,18,1
2.25,16.5,1
2.25,10.5,1
2.25,9,1
2.25,7.5,1
2.25,6,1
2.25,4.5,1
2.25,3,1
2.25,1.5,1
3.75,66,1
3.75,64.5,1
3.75,40.5,1
3.75,39,1
3.75,37.5,1
3.75,36,1
3.75,34.5,1
3.75,33,1
3.75,30,1
3.75,28.5,1
3.75,27,1
3.75,25.5,1
3.75,24,1
3.75,22.5,1
3.75,21,1
3.75,19.5,1
3.75,18,1
3.75,16.5,1
3.75,10.5,1
3.75,9,1
3.75,7.5,1
3.75,6,1
3.75,4.5,1
3.75,3,1
5.25,66,1
5.25,64.5,1
5.25,40.5,1
5.25,39,1
5.25,37.5,1
5.25,36,1
5.25,34.5,1
5.25,33,1
5.25,30,1
5.25,28.5,1
5.25,27,1
5.25,25.5,1
5.25,24,1
5.25,22.5,1
5.25,21,1
5.25,19.5,1
5.25,18,1
5.25,16.5,1
5.25,10.5,1
5.25,9,1
5.25,7.5,1
5.25,6,1
5.25,4.5,1
5.25,3,1
6.75,66,1
6.75,64.5,1
6.75,39,1
6.75,37.5,1
6.75,36,1
6.75,34.5,1
6.75,33,1
6.75,30,1
6.75,28.5,1
6.75,27,1
6.75,25.5,1
6.75,24,1
6.75,22.5,1
6.75,21,1
6.75,19.5,1
6.75,18,1
6.75,16.5,1
6.75,10.5,1
6.75,9,1
6.75,7.5,1
6.75,6,1
6.75,4.5,1
8.25,66,1
8.25,64.5,1
8.25,40.5,1
8.25,39,1
8.25,37.5,1
8.25,36,1
8.25,34.5,1
8.25,33,1
8.25,30,1
8.25,28.5,1
8.25,27,1
8.25,25.5,1
8.25,24,1
8.25,22.5,1
8.25,21,1
8.25,19.5,1
8.25,18,1
8.25,16.5,1
8.25,13.5,1
9.75,63,1
9.75,40.5,1
9.75,39,1
9.75,37.5,1
9.75,36,1
9.75,34.5,1
9.75,33,1
9.75,30,1
9.75,28.5,1
9.75,27,1
9.75,25.5,1
9.75,24,1
9.75,22.5,1
9.75,21,1
9.75,19.5,1
9.75,18,1
9.75,16.5,1
9.75,13.5,1
9.75,10.5,1
9.75,9,1
9.75,7.5,1
9.75,6,1
11.25,40.5,1
11.25,39,1
11.25,37.5,1
11.25,36,1
11.25,34.5,1
11.25,33,1
11.25,30,1
11.25,28.5,1
11.25,27,1
11.25,25.5,1
11.25,24,1
11.25,22.5,1
11.25,21,1
11.25,19.5,1
11.25,18,1
11.25,16.5,1
11.25,13.5,1
11.25,10.5,1
11.25,9,1
11.25,7.5,1
11.25,6,1
12.75,40.5,1
12.75,39,1
12.75,31.5,1
12.75,24,1
12.75,22.5,1
12.75,15,1
12.75,13.5,1
12.75,10.5,1
12.75,9,1
12.75,7.5,1
12.75,6,1
14.25,40.5,1
14.25,39,1
14.25,37.5,1
14.25,36,1
14.25,34.5,1
14.25,33,1
14.25,31.5,1
14.25,30,1
14.25,28.5,1
14.25,27,1
14.25,25.5,1
14.25,24,1
14.25,22.5,1
14.25,21,1
14.25,19.5,1
14.25,18,1
14.25,16.5,1
14.25,15,1
14.25,13.5,1
14.25,12,1
14.25,10.5,1
14.25,9,1
14.25,7.5,1
15.75,34.5,1
15.75,33,1
15.75,22.5,1
15.75,18,1
15.75,16.5,1
15.75,15,1
15.75,13.5,1
15.75,12,1
17.25,34.5,1
17.25,33,1
17.25,31.5,1
17.25,30,1
17.25,28.5,1
17.25,27,1
17.25,25.5,1
17.25,24,1
17.25,22.5,1
17.25,18,1
17.25,16.5,1
17.25,15,1
17.25,13.5,1
17.25,12,1
18.75,34.5,1
18.75,33,1
18.75,22.5,1
18.75,18,1
18.75,16.5,1
18.75,15,1
18.75,13.5,1
18.75,12,1
20.25,34.5,1
20.25,33,1
20.25,22.5,1
20.25,18,1
20.25,16.5,1
20.25,15,1
20.25,13.5,1
20.25,12,1
21.75,34.5,1
21.75,33,1
21.75,31.5,1
21.75,30,1
21.75,28.5,1
21.75,27,1
21.75,25.5,1
21.75,24,1
21.75,22.5,1
21.75,21,1
21.75,19.5,1
21.75,18,1
21.75,16.5,1
23.25,34.5,1
23.25,33,1
23.25,31.5,1
23.25,30,1
23.25,28.5,1
23.25,27,1
23.25,25.5,1
23.25,24,1
23.25,22.5,1
23.25,21,1
23.25,19.5,1
23.25,18,1
23.25,16.5,1
24.75,19.5,1
26.25,19.5,1
27.75,19.5,1
29.25,19.5,1
30.75,19.5,1
32.25,19.5,1
0.75,66,2
0.75,64.5,2
0.75,63,2
0.75,61.5,2
0.75,60,2
0.75,58.5,2
0.75,57,2
0.75,55.5,2
0.75,51,2
0.75,49.5,2
0.75,48,2
0.75,46.5,2
0.75,45,2
0.75,42,2
0.75,39,2
0.75,37.5,2
0.75,36,2
0.75,34.5,2
0.75,33,2
0.75,31.5,2
0.75,30,2
0.75,28.5,2
0.75,27,2
0.75,25.5,2
0.75,24,2
0.75,22.5,2
0.75,21,2
0.75,19.5,2
0.75,18,2
0.75,16.5,2
0.75,10.5,2
0.75,9,2
0.75,7.5,2
0.75,6,2
0.75,4.5,2
0.75,3,2
2.25,66,2
2.25,64.5,2
2.25,63,2
2.25,61.5,2
2.25,60,2
2.25,58.5,2
2.25,57,2
2.25,55.5,2
2.25,52.5,2
2.25,51,2
2.25,49.5,2
2.25,48,2
2.25,46.5,2
2.25,45,2
2.25,42,2
2.25,40.5,2
2.25,39,2
2.25,37.5,2
2.25,36,2
2.25,34.5,2
2.25,33,2
2.25,31.5,2
2.25,30,2
2.25,28.5,2
2.25,27,2
2.25,25.5,2
2.25,24,2
2.25,22.5,2
2.25,21,2
2.25,19.5,2
2.25,18,2
2.25,16.5,2
2.25,10.5,2
2.25,9,2
2.25,7.5,2
2.25,6,2
2.25,4.5,2
2.25,3,2
3.75,66,2
3.75,64.5,2
3.75,61.5,2
3.75,60,2
3.75,58.5,2
3.75,57,2
3.75,55.5,2
3.75,52.5,2
3.75,51,2
3.75,49.5,2
3.75,48,2
3.75,46.5,2
3.75,45,2
3.75,42,2
3.75,40.5,2
3.75,39,2
3.75,37.5,2
3.75,36,2
3.75,34.5,2
3.75,33,2
3.75,31.5,2
3.75,30,2
3.75,28.5,2
3.75,27,2
3.75,25.5,2
3.75,24,2
3.75,22.5,2
3.75,21,2
3.75,19.5,2
3.75,18,2
3.75,16.5,2
3.75,10.5,2
3.75,9,2
3.75,7.5,2
3.75,6,2
3.75,4.5,2
3.75,3,2
5.25,66,2
5.25,64.5,2
5.25,61.5,2
5.25,60,2
5.25,58.5,2
5.25,57,2
5.25,55.5,2
5.25,52.5,2
5.25,51,2
5.25,49.5,2
5.25,48,2
5.25,46.5,2
5.25,45,2
5.25,42,2
5.25,40.5,2
5.25,39,2
5.25,37.5,2
5.25,36,2
5.25,34.5,2
5.25,33,2
5.25,31.5,2
5.25,30,2
5.25,28.5,2
5.25,27,2
5.25,25.5,2
5.25,24,2
5.25,22.5,2
5.25,21,2
5.25,19.5,2
5.25,18,2
5.25,16.5,2
5.25,13.5,2
5.25,10.5,2
5.25,9,2
5.25,7.5,2
5.25,6,2
5.25,4.5,2
5.25,3,2
6.75,64.5,2
6.75,45,2
6.75,31.5,2
6.75,30,2
6.75,28.5,2
6.75,27,2
6.75,24,2
6.75,22.5,2
6.75,21,2
6.75,19.5,2
6.75,18,2
6.75,16.5,2
6.75,13.5,2
6.75,10.5,2
8.25,66,2
8.25,64.5,2
8.25,63,2
8.25,61.5,2
8.25,60,2
8.25,58.5,2
8.25,57,2
8.25,55.5,2
8.25,54,2
8.25,52.5,2
8.25,51,2
8.25,49.5,2
8.25,48,2
8.25,46.5,2
8.25,45,2
8.25,43.5,2
8.25,42,2
8.25,40.5,2
8.25,39,2
8.25,37.5,2
8.25,36,2
8.25,34.5,2
8.25,33,2
8.25,31.5,2
8.25,30,2
8.25,28.5,2
8.25,27,2
8.25,25.5,2
8.25,24,2
8.25,22.5,2
8.25,21,2
8.25,19.5,2
8.25,18,2
8.25,16.5,2
8.25,15,2
8.25,13.5,2
8.25,12,2
8.25,10.5,2
8.25,9,2
8.25,7.5,2
8.25,6,2
8.25,4.5,2
9.75,52.5,2
9.75,51,2
9.75,48.75,2
9.75,48,2
9.75,46.5,2
9.75,45,2
9.75,43.5,2
9.75,42,2
9.75,40.5,2
9.75,39,2
9.75,37.5,2
9.75,36,2
9.75,34.5,2
9.75,33,2
9.75,31.5,2
9.75,30,2
9.75,28.5,2
9.75,27,2
9.75,25.5,2
9.75,24,2
9.75,22.5,2
9.75,21,2
9.75,19.5,2
9.75,18,2
9.75,16.5,2
9.75,15,2
9.75,13.5,2
9.75,12,2
9.75,10.5,2
9.75,9,2
9.75,7.5,2
9.75,6,2
9.75,4.5,2
11.25,52.5,2
11.25,51,2
11.25,49.5,2
11.25,48,2
11.25,46.5,2
11.25,45,2
11.25,43.5,2
11.25,42,2
11.25,40.5,2
11.25,39,2
11.25,37.5,2
11.25,36,2
11.25,34.5,2
11.25,33,2
11.25,31.5,2
11.25,30,2
11.25,28.5,2
11.25,27,2
11.25,25.5,2
11.25,24,2
11.25,22.5,2
11.25,21,2
11.25,19.5,2
11.25,18,2
11.25,16.5,2
11.25,15,2
11.25,13.5,2
11.25,12,2
11.25,10.5,2
11.25,9,2
11.25,7.5,2
11.25,6,2
12.75,52.5,2
12.75,51,2
12.75,49.5,2
12.75,48,2
12.75,46.5,2
12.75,45,2
12.75,43.5,2
12.75,42,2
12.75,40.5,2
12.75,39,2
12.75,37.5,2
12.75,36,2
12.75,34.5,2
12.75,33,2
12.75,31.5,2
12.75,30,2
12.75,28.5,2
12.75,27,2
12.75,25.5,2
12.75,24,2
12.75,22.5,2
12.75,21,2
12.75,19.5,2
12.75,18,2
12.75,16.5,2
12.75,15,2
12.75,13.5,2
12.75,12,2
12.75,10.5,2
12.75,9,2
12.75,7.5,2
12.75,6,2
14.25,52.5,2
14.25,51,2
14.25,49.5,2
14.25,48,2
14.25,46.5,2
14.25,45,2
14.25,43.5,2
14.25,42,2
14.25,40.5,2
14.25,39,2
14.25,37.5,2
14.25,36,2
14.25,34.5,2
14.25,33,2
14.25,31.5,2
14.25,30,2
14.25,28.5,2
14.25,27,2
14.25,25.5,2
14.25,24,2
14.25,22.5,2
14.25,21,2
14.25,19.5,2
14.25,18,2
14.25,16.5,2
14.25,15,2
14.25,13.5,2
14.25,12,2
14.25,10.5,2
14.25,9,2
14.25,7.5,2
15.75,34.5,2
15.75,33,2
15.75,22.5,2
17.25,34.5,2
17.25,33,2
17.25,22.5,2
18.75,34.5,2
18.75,33,2
18.75,31.5,2
18.75,30,2
18.75,28.5,2
18.75,27,2
18.75,25.5,2
18.75,24,2
18.75,22.5,2
20.25,34.5,2
20.25,33,2
20.25,31.5,2
20.25,30,2
20.25,28.5,2
20.25,27,2
20.25,25.5,2
20.25,24,2
20.25,22.5,2
21.75,39,2
21.75,37.5,2
21.75,36,2
21.75,34.5,2
21.75,33,2
21.75,30,2
21.75,28.5,2
21.75,27,2
21.75,25.5,2
21.75,24,2
21.75,22.5,2
21.75,21,2
21.75,19.5,2
23.25,40.5,2
23.25,39,2
23.25,37.5,2
23.25,36,2
23.25,34.5,2
23.25,33,2
23.25,31.5,2
23.25,30,2
23.25,28.5,2
23.25,27,2
23.25,25.5,2
23.25,24,2
23.25,22.5,2
23.25,21,2
23.25,19.5,2
24.75,22.5,2
26.25,39,2
26.25,37.5,2
26.25,30,2
26.25,24,2
26.25,22.5,2
27.75,39,2
27.75,37.5,2
27.75,36,2
27.75,34.5,2
27.75,33,2
27.75,31.5,2
27.75,30,2
27.75,24,2
27.75,22.5,2
29.25,37.5,2
29.25,36,2
29.25,33,2
29.25,30,2
29.25,24,2
29.25,22.5,2
29.25,21,2
30.75,31.5,2
30.75,30,2
30.75,24,2
30.75,22.5,2
30.75,21,2
32.25,31.5,2
32.25,30,2
32.25,24,2
32.25,22.5,2
32.25,21,2
33.75,31.5,2
33.75,30,2
33.75,24,2
33.75,22.5,2
33.75,21,2
35.25,37.5,2
35.25,31.5,2
35.25,30,2
35.25,24,2
35.25,22.5,2
35.25,21,2
36.75,37.5,2
36.75,36,2
36.75,33,2
36.75,30,2
36.75,24,2
36.75,22.5,2
36.75,21,2
38.25,37.5,2
38.25,36,2
38.25,34.5,2
38.25,33,2
38.25,31.5,2
38.25,30,2
38.25,28.5,2
38.25,27,2
38.25,25.5,2
38.25,24,2
38.25,22.5,2
38.25,21,2
39.75,31.5,2
39.75,28.5,2
39.75,27,2
39.75,25.5,2
39.75,24,2
39.75,22.5,2
0.75,66,3
0.75,64.5,3
2.25,66,3
2.25,64.5,3
3.75,66,3
3.75,64.5,3
5.25,64.5,3
6.75,64.5,3
8.25,66,3
8.25,64.5,3
8.25,63,3
8.25,61.5,3
8.25,60,3
8.25,58.5,3
8.25,57,3
8.25,55.5,3
8.25,54,3
8.25,52.5,3
8.25,51,3
8.25,49.5,3
8.25,48,3
8.25,46.5,3
8.25,45,3
8.25,43.5,3
8.25,42,3
8.25,40.5,3
8.25,39,3
8.25,37.5,3
8.25,36,3
8.25,34.5,3
8.25,33,3
8.25,31.5,3
8.25,30,3
8.25,28.5,3
8.25,27,3
8.25,25.5,3
8.25,24,3
8.25,22.5,3
8.25,21,3
8.25,19.5,3
8.25,18,3
8.25,16.5,3
8.25,15,3
8.25,13.5,3
8.25,12,3
8.25,10.5,3
8.25,9,3
8.25,7.5,3
8.25,6,3
8.25,4.5,3
9.75,34.5,3
9.75,33,3
9.75,22.5,3
11.25,34.5,3
11.25,33,3
11.25,22.5,3
12.75,34.5,3
12.75,33,3
12.75,22.5,3
14.25,34.5,3
14.25,33,3
14.25,22.5,3
15.75,34.5,3
15.75,33,3
15.75,22.5,3
17.25,34.5,3
17.25,33,3
17.25,31.5,3
17.25,30,3
17.25,28.5,3
17.25,27,3
17.25,25.5,3
17.25,24,3
17.25,22.5,3
18.75,34.5,3
18.75,33,3
18.75,22.5,3
20.25,34.5,3
20.25,33,3
20.25,22.5,3
21.75,34.5,3
21.75,33,3
21.75,22.5,3
23.25,40.5,3
23.25,39,3
23.25,37.5,3
23.25,36,3
23.25,34.5,3
23.25,33,3
23.25,31.5,3
23.25,30,3
23.25,28.5,3
23.25,27,3
23.25,25.5,3
23.25,24,3
23.25,22.5,3
23.25,21,3
23.25,19.5,3
24.75,22.5,3
24.75,19.5,3
26.25,19.5,3
27.75,19.5,3
29.25,19.5,3
30.75,19.5,3
32.25,19.5,3
0.75,66,4
0.75,64.5,4
2.25,66,4
2.25,64.5,4
3.75,66,4
3.75,64.5,4
5.25,66,4
5.25,64.5,4
6.75,64.5,4
8.25,66,4
8.25,64.5,4
8.25,63,4
8.25,61.5,4
8.25,60,4
8.25,58.5,4
8.25,57,4
8.25,55.5,4
8.25,54,4
8.25,52.5,4
8.25,51,4
8.25,49.5,4
8.25,48,4
8.25,46.5,4
8.25,45,4
8.25,43.5,4
8.25,42,4
8.25,40.5,4
8.25,39,4
8.25,37.5,4
8.25,36,4
8.25,34.5,4
8.25,33,4
8.25,31.5,4
8.25,30,4
8.25,28.5,4
8.25,27,4
8.25,25.5,4
8.25,24,4
8.25,22.5,4
8.25,21,4
8.25,19.5,4
8.25,18,4
8.25,16.5,4
8.25,15,4
8.25,13.5,4
8.25,12,4
8.25,10.5,4
8.25,9,4
8.25,7.5,4
8.25,6,4
8.25,4.5,4
9.75,34.5,4
9.75,33,4
9.75,31.5,4
9.75,27,4
9.75,25.5,4
9.75,24,4
9.75,22.5,4
11.25,34.5,4
11.25,33,4
11.25,22.5,4
12.75,34.5,4
12.75,33,4
12.75,22.5,4
14.25,34.5,4
14.25,33,4
14.25,22.5,4
15.75,34.5,4
15.75,33,4
15.75,22.5,4
17.25,34.5,4
17.25,33,4
17.25,22.5,4
18.75,34.5,4
18.75,33,4
18.75,31.5,4
18.75,30,4
18.75,28.5,4
18.75,27,4
18.75,25.5,4
18.75,24,4
18.75,22.5,4
20.25,34.5,4
20.25,33,4
20.25,22.5,4
21.75,34.5,4
21.75,33,4
21.75,31.5,4
21.75,30,4
21.75,28.5,4
21.75,27,4
21.75,25.5,4
21.75,24,4
21.75,22.5,4
21.75,21,4
21.75,19.5,4
21.75,18,4
21.75,16.5,4
21.75,15,4
23.25,34.5,4
23.25,33,4
23.25,31.5,4
23.25,30,4
23.25,28.5,4
23.25,27,4
23.25,25.5,4
23.25,24,4
23.25,22.5,4
23.25,21,4
23.25,19.5,4
23.25,18,4
23.25,16.5,4
23.25,15,4
24.75,34.5,4
24.75,22.5,4
24.75,15,4
26.25,34.5,4
26.25,22.5,4
26.25,15,4
27.75,34.5,4
27.75,22.5,4
29.25,34.5,4
29.25,33,4
29.25,31.5,4
29.25,30,4
29.25,28.5,4
29.25,27,4
29.25,25.5,4
29.25,24,4
29.25,22.5,4
30.75,34.5,4
30.75,33,4
30.75,31.5,4
30.75,30,4
30.75,28.5,4
30.75,27,4
30.75,25.5,4
30.75,24,4
30.75,22.5,4
32.25,34.5,4
32.25,33,4
32.25,31.5,4
32.25,30,4
32.25,28.5,4
32.25,27,4
32.25,25.5,4
32.25,24,4
32.25,22.5,4
33.75,34.5,4
33.75,33,4
33.75,31.5,4
33.75,30,4
33.75,28.5,4
33.75,27,4
33.75,25.5,4
33.75,24,4
33.75,22.5,4
33.75,21,4
0.75,66,5
0.75,64.5,5
2.25,66,5
2.25,64.5,5
3.75,66,5
3.75,64.5,5
5.25,66,5
5.25,64.5,5
6.75,64.5,5
8.25,66,5
8.25,64.5,5
8.25,63,5
8.25,61.5,5
8.25,60,5
8.25,58.5,5
8.25,57,5
8.25,55.5,5
8.25,54,5
8.25,52.5,5
8.25,51,5
8.25,49.5,5
8.25,48,5
8.25,45,5
8.25,43.5,5
8.25,42,5
8.25,40.5,5
8.25,39,5
8.25,37.5,5
8.25,36,5
8.25,34.5,5
8.25,33,5
8.25,31.5,5
8.25,30,5
8.25,28.5,5
8.25,27,5
8.25,25.5,5
8.25,24,5
8.25,22.5,5
8.25,21,5
8.25,19.5,5
8.25,18,5
8.25,16.5,5
8.25,15,5
8.25,13.5,5
9.75,34.5,5
9.75,33,5
9.75,31.5,5
9.75,30,5
9.75,27,5
9.75,25.5,5
9.75,24,5
9.75,22.5,5
11.25,34.5,5
11.25,33,5
11.25,22.5,5
12.75,34.5,5
12.75,33,5
12.75,22.5,5
14.25,34.5,5
14.25,33,5
14.25,22.5,5
15.75,34.5,5
15.75,33,5
15.75,22.5,5
17.25,34.5,5
17.25,33,5
17.25,31.5,5
17.25,30,5
17.25,28.5,5
17.25,27,5
17.25,25.5,5
17.25,24,5
17.25,22.5,5
18.75,34.5,5
18.75,33,5
18.75,22.5,5
20.25,34.5,5
20.25,33,5
20.25,22.5,5
21.75,34.5,5
21.75,33,5
21.75,31.5,5
21.75,30,5
21.75,28.5,5
21.75,27,5
21.75,25.5,5
21.75,24,5
21.75,22.5,5
21.75,21,5
21.75,19.5,5
21.75,18,5
21.75,16.5,5
21.75,15,5
23.25,34.5,5
23.25,33,5
23.25,31.5,5
23.25,30,5
23.25,28.5,5
23.25,27,5
23.25,25.5,5
23.25,24,5
23.25,22.5,5
23.25,21,5
23.25,19.5,5
23.25,18,5
23.25,16.5,5
23.25,15,5
24.75,34.5,5
24.75,22.5,5
24.75,15,5
26.25,34.5,5
26.25,22.5,5
26.25,15,5
27.75,34.5,5
27.75,22.5,5
29.25,22.5,5
30.75,34.5,5
30.75,22.5,5
32.25,34.5,5
32.25,22.5,5
33.75,34.5,5
33.75,33,5
33.75,31.5,5
33.75,30,5
33.75,28.5,5
33.75,27,5
33.75,25.5,5
33.75,24,5
33.75,22.5,5
33.75,21,5
-1.5,68.25,0
-1.5,66.75,0
-1.5,65.25,0
-1.5,63.75,0
-1.5,62.25,0
-1.5,60.75,0
-1.5,59.25,0
-1.5,57.75,0
-1.5,56.25,0
-1.5,54.75,0
-1.5,53.25,0
-1.5,51.75,0
-1.5,42.75,0
-1.5,41.25,0
-1.5,39.75,0
-1.5,38.25,0
-1.5,36.75,0
-1.5,35.25,0
-1.5,33.75,0
-1.5,32.25,0
-1.5,30.75,0
-1.5,29.25,0
-1.5,27.75,0
-1.5,26.25,0
-1.5,20.25,0
-1.5,18.75,0
-1.5,17.25,0
-1.5,15.75,0
-1.5,14.25,0
-1.5,12.75,0
-1.5,11.25,0
-1.5,9.75,0
-1.5,8.25,0
-1.5,6.75,0
-1.5,5.25,0
-1.5,3.75,0
-1.5,2.25,0
-1.5,0.75,0
-1.5,-0.75,0
0,68.25,0
0,51.75,0
0,42.75,0
0,-0.75,0
1.5,68.25,0
1.5,65.25,0
1.5,51.75,0
1.5,42.75,0
1.5,-0.75,0
3,68.25,0
3,66,0
3,64.5,0
3,51.75,0
3,42.75,0
3,-0.75,0
4.5,68.25,0
4.5,66,0
4.5,64.5,0
4.5,51.75,0
4.5,42.75,0
4.5,8.25,0
4.5,0.75,0
6,68.25,0
6,65.25,0
6,51.75,0
6,42.75,0
6,0.75,0
7.5,68.25,0
7.5,66.75,0
7.5,65.25,0
7.5,63.75,0
7.5,62.25,0
7.5,60.75,0
7.5,59.25,0
7.5,51.75,0
7.5,42.75,0
7.5,22.5,0
7.5,21,0
7.5,19.5,0
7.5,18,0
7.5,16.5,0
7.5,15,0
7.5,13.5,0
7.5,12,0
7.5,2.25,0
9,68.25,0
9,62.25,0
9,60.75,0
9,59.25,0
9,57.75,0
9,56.25,0
9,54.75,0
9,53.25,0
9,51.75,0
9,42.75,0
9,18,0
9,2.25,0
10.5,68.25,0
10.5,57.75,0
10.5,56.25,0
10.5,54.75,0
10.5,53.25,0
10.5,51.75,0
10.5,42.75,0
10.5,18,0
10.5,2.25,0
12,68.25,0
12,57.75,0
12,56.25,0
12,54.75,0
12,53.25,0
12,51.75,0
12,42.75,0
12,18,0
12,3.75,0
12,2.25,0
13.5,68.25,0
13.5,57.75,0
13.5,56.25,0
13.5,54.75,0
13.5,53.25,0
13.5,51.75,0
13.5,42.75,0
13.5,18,0
13.5,3.75,0
13.5,2.25,0
15,68.25,0
15,57.75,0
15,56.25,0
15,54.75,0
15,51.75,0
15,42.75,0
15,18,0
15,5.25,0
15,3.75,0
16.5,68.25,0
16.5,66.75,0
16.5,65.25,0
16.5,63.75,0
16.5,62.25,0
16.5,60.75,0
16.5,59.25,0
16.5,57.75,0
16.5,56.25,0
16.5,54.75,0
16.5,53.25,0
16.5,51.75,0
16.5,42.75,0
16.5,38.25,0
16.5,36.75,0
16.5,35.25,0
16.5,33.75,0
16.5,32.25,0
16.5,27.75,0
16.5,26.25,0
16.5,24.75,0
16.5,23.25,0
16.5,21.75,0
16.5,18.75,0
16.5,17.25,0
16.5,15.75,0
16.5,14.25,0
16.5,12.75,0
16.5,5.25,0
16.5,3.75,0
18,42.75,0
18,41.25,0
18,39.75,0
18,38.25,0
18,36.75,0
18,35.25,0
18,33.75,0
18,32.25,0
18,27.75,0
18,26.25,0
18,24.75,0
18,23.25,0
18,21.75,0
18,18.75,0
18,17.25,0
18,15.75,0
18,14.25,0
18,12.75,0
18,6.75,0
18,5.25,0
19.5,42.75,0
19.5,39.75,0
19.5,38.25,0
19.5,36.75,0
19.5,35.25,0
19.5,33.75,0
19.5,32.25,0
19.5,30.75,0
19.5,29.25,0
19.5,27.75,0
19.5,26.25,0
19.5,24.75,0
19.5,23.25,0
19.5,21.75,0
19.5,18.75,0
19.5,17.25,0
19.5,15.75,0
19.5,14.25,0
19.5,12.75,0
19.5,6.75,0
19.5,5.25,0
21,42.75,0
21,39.75,0
21,38.25,0
21,36.75,0
21,35.25,0
21,33.75,0
21,32.25,0
21,30.75,0
21,29.25,0
21,27.75,0
21,26.25,0
21,24.75,0
21,23.25,0
21,21.75,0
21,20.25,0
21,18.75,0
21,17.25,0
21,15.75,0
21,12.75,0
21,8.25,0
21,6.75,0
21,5.25,0
22.5,42.75,0
22.5,39.75,0
22.5,38.25,0
22.5,36.75,0
22.5,35.25,0
22.5,18,0
22.5,8.25,0
22.5,6.75,0
24,42.75,0
24,39.75,0
24,38.25,0
24,36.75,0
24,35.25,0
24,18,0
24,9.75,0
24,8.25,0
25.5,42.75,0
25.5,39.75,0
25.5,38.25,0
25.5,36.75,0
25.5,18,0
25.5,9.75,0
27,42.75,0
27,39.75,0
27,38.25,0
27,36.75,0
27,18,0
27,9.75,0
28.5,42.75,0
28.5,39.75,0
28.5,38.25,0
28.5,36.75,0
28.5,18,0
28.5,11.25,0
30,42.75,0
30,39.75,0
30,38.25,0
30,36.75,0
30,18,0
30,11.25,0
31.5,42.75,0
31.5,39.75,0
31.5,38.25,0
31.5,36.75,0
31.5,27,0
31.5,18,0
31.5,12.75,0
33,42.75,0
33,39.75,0
33,38.25,0
33,36.75,0
33,27,0
33,25.5,0
33,24,0
33,22.5,0
33,21,0
33,19.5,0
33,18,0
33,12.75,0
34.5,42.75,0
34.5,39.75,0
34.5,38.25,0
34.5,36.75,0
34.5,14.25,0
36,42.75,0
36,39.75,0
36,38.25,0
36,36.75,0
36,14.25,0
37.5,42.75,0
37.5,39.75,0
37.5,38.25,0
37.5,36.75,0
37.5,14.25,0
39,42.75,0
39,39.75,0
39,38.25,0
39,36.75,0
39,14.25,0
40.5,42.75,0
40.5,15.75,0
42,42.75,0
42,41.25,0
42,39.75,0
42,38.25,0
42,36.75,0
42,35.25,0
42,33.75,0
42,32.25,0
42,30.75,0
42,29.25,0
42,27.75,0
42,26.25,0
42,24.75,0
42,23.25,0
42,21.75,0
42,20.25,0
42,18.75,0
42,17.25,0
42,15.75,0
1.5,65.25,1
1.5,39.75,1
1.5,38.25,1
1.5,36.75,1
1.5,35.25,1
1.5,33.75,1
1.5,30.75,1
1.5,29.25,1
1.5,27.75,1
1.5,26.25,1
1.5,24.75,1
1.5,21.75,1
1.5,20.25,1
1.5,18.75,1
1.5,17.25,1
1.5,15.75,1
1.5,9.75,1
1.5,8.25,1
1.5,6.75,1
1.5,5.25,1
1.5,3.75,1
1.5,2.25,1
3,66,1
3,64.5,1
3,39.75,1
3,38.25,1
3,36.75,1
3,35.25,1
3,33.75,1
3,30.75,1
3,29.25,1
3,27.75,1
3,26.25,1
3,24.75,1
3,21.75,1
3,20.25,1
3,18.75,1
3,17.25,1
3,15.75,1
3,9.75,1
3,8.25,1
3,6.75,1
3,5.25,1
3,3.75,1
3,2.25,1
4.5,66,1
4.5,64.5,1
4.5,39.75,1
4.5,38.25,1
4.5,36.75,1
4.5,35.25,1
4.5,33.75,1
4.5,30.75,1
4.5,29.25,1
4.5,27.75,1
4.5,26.25,1
4.5,24.75,1
4.5,21.75,1
4.5,20.25,1
4.5,18.75,1
4.5,17.25,1
4.5,15.75,1
4.5,9.75,1
4.5,8.25,1
4.5,6.75,1
4.5,5.25,1
4.5,3.75,1
6,65.25,1
6,39.75,1
6,38.25,1
6,36.75,1
6,35.25,1
6,33.75,1
6,30.75,1
6,29.25,1
6,27.75,1
6,26.25,1
6,24.75,1
6,21.75,1
6,18.75,1
6,17.25,1
6,15.75,1
6,9.75,1
6,8.25,1
6,6.75,1
6,5.25,1
6,3.75,1
7.5,66.75,1
7.5,65.25,1
7.5,63.75,1
7.5,62.25,1
7.5,60.75,1
7.5,59.25,1
7.5,39.75,1
7.5,38.25,1
7.5,36.75,1
7.5,35.25,1
7.5,33.75,1
7.5,30.75,1
7.5,29.25,1
7.5,27.75,1
7.5,26.25,1
7.5,24.75,1
7.5,21.75,1
7.5,20.25,1
7.5,18.75,1
7.5,17.25,1
7.5,15.75,1
7.5,14.25,1
7.5,12.75,1
7.5,9.75,1
7.5,8.25,1
7.5,6.75,1
7.5,5.25,1
7.5,3.75,1
9,65.25,1
9,63.75,1
9,62.25,1
9,60.75,1
9,59.25,1
9,57.75,1
9,39.75,1
9,38.25,1
9,36.75,1
9,35.25,1
9,33.75,1
9,30.75,1
9,29.25,1
9,27.75,1
9,26.25,1
9,24.75,1
9,21.75,1
9,20.25,1
9,18.75,1
9,17.25,1
9,15.75,1
9,14.25,1
9,12.75,1
10.5,63.75,1
10.5,39.75,1
10.5,38.25,1
10.5,36.75,1
10.5,35.25,1
10.5,33.75,1
10.5,30.75,1
10.5,29.25,1
10.5,27.75,1
10.5,26.25,1
10.5,24.75,1
10.5,21.75,1
10.5,20.25,1
10.5,18.75,1
10.5,17.25,1
10.5,15.75,1
10.5,14.25,1
10.5,12.75,1
10.5,11.25,1
10.5,9.75,1
10.5,8.25,1
10.5,6.75,1
10.5,5.25,1
12,39.75,1
12,30.75,1
12,24.75,1
12,21.75,1
12,15.75,1
12,14.25,1
12,12.75,1
12,11.25,1
12,9.75,1
12,8.25,1
12,6.75,1
13.5,39.75,1
13.5,38.25,1
13.5,36.75,1
13.5,35.25,1
13.5,33.75,1
13.5,32.25,1
13.5,30.75,1
13.5,29.25,1
13.5,27.75,1
13.5,26.25,1
13.5,24.75,1
13.5,23.25,1
13.5,21.75,1
13.5,20.25,1
13.5,18.75,1
13.5,17.25,1
13.5,15.75,1
13.5,14.25,1
13.5,12.75,1
13.5,11.25,1
13.5,9.75,1
13.5,8.25,1
13.5,6.75,1
15,33.75,1
15,21.75,1
15,17.25,1
15,15.75,1
15,12.75,1
16.5,33.75,1
16.5,32.25,1
16.5,30.75,1
16.5,29.25,1
16.5,27.75,1
16.5,26.25,1
16.5,24.75,1
16.5,23.25,1
16.5,21.75,1
16.5,17.25,1
16.5,15.75,1
16.5,14.25,1
16.5,12.75,1
18,33.75,1
18,32.25,1
18,30.75,1
18,29.25,1
18,27.75,1
18,26.25,1
18,24.75,1
18,23.25,1
18,21.75,1
18,17.25,1
18,15.75,1
18,14.25,1
18,12.75,1
19.5,33.75,1
19.5,32.25,1
19.5,23.25,1
19.5,21.75,1
19.5,20.25,1
19.5,17.25,1
19.5,15.75,1
19.5,14.25,1
19.5,12.75,1
21,33.75,1
21,32.25,1
21,23.25,1
21,21.75,1
21,17.25,1
21,15.75,1
21,14.25,1
22.5,33.75,1
22.5,32.25,1
22.5,30.75,1
22.5,29.25,1
22.5,27.75,1
22.5,26.25,1
22.5,24.75,1
22.5,23.25,1
22.5,21.75,1
22.5,20.25,1
22.5,18.75,1
22.5,17.25,1
24,33.75,1
24,32.25,1
24,30.75,1
24,29.25,1
24,27.75,1
24,26.25,1
24,24.75,1
24,23.25,1
24,21.75,1
24,20.25,1
24,18.75,1
24,17.25,1
25.5,18.75,1
27,18.75,1
28.5,18.75,1
30,18.75,1
31.5,18.75,1
33,18.75,1
34.5,18.75,1
1.5,65.25,2
1.5,62.25,2
1.5,60.75,2
1.5,59.25,2
1.5,57.75,2
1.5,56.25,2
1.5,54.75,2
1.5,51.75,2
1.5,50.25,2
1.5,48.75,2
1.5,47.25,2
1.5,45.75,2
1.5,44.25,2
1.5,42.75,2
1.5,41.25,2
1.5,39.75,2
1.5,38.25,2
1.5,36.75,2
1.5,35.25,2
1.5,32.25,2
1.5,30.75,2
1.5,29.25,2
1.5,27.75,2
1.5,26.25,2
1.5,23.25,2
1.5,21.75,2
1.5,20.25,2
1.5,18.75,2
1.5,17.25,2
1.5,15.75,2
1.5,9.75,2
1.5,8.25,2
1.5,6.75,2
1.5,5.25,2
1.5,3.75,2
1.5,2.25,2
3,66,2
3,64.5,2
3,62.25,2
3,60.75,2
3,59.25,2
3,57.75,2
3,56.25,2
3,54.75,2
3,51.75,2
3,50.25,2
3,48.75,2
3,47.25,2
3,45.75,2
3,44.25,2
3,42.75,2
3,41.25,2
3,39.75,2
3,38.25,2
3,36.75,2
3,35.25,2
3,32.25,2
3,30.75,2
3,29.25,2
3,27.75,2
3,26.25,2
3,23.25,2
3,21.75,2
3,20.25,2
3,18.75,2
3,17.25,2
3,15.75,2
3,9.75,2
3,8.25,2
3,6.75,2
3,5.25,2
3,3.75,2
3,2.25,2
4.5,66,2
4.5,64.5,2
4.5,62.25,2
4.5,60.75,2
4.5,59.25,2
4.5,57.75,2
4.5,56.25,2
4.5,54.75,2
4.5,51.75,2
4.5,50.25,2
4.5,48.75,2
4.5,47.25,2
4.5,45.75,2
4.5,44.25,2
4.5,42.75,2
4.5,41.25,2
4.5,39.75,2
4.5,38.25,2
4.5,36.75,2
4.5,35.25,2
4.5,32.25,2
4.5,30.75,2
4.5,29.25,2
4.5,27.75,2
4.5,26.25,2
4.5,23.25,2
4.5,21.75,2
4.5,20.25,2
4.5,18.75,2
4.5,17.25,2
4.5,15.75,2
4.5,9.75,2
4.5,8.25,2
4.5,6.75,2
4.5,5.25,2
4.5,3.75,2
6,65.25,2
6,62.25,2
6,60.75,2
6,59.25,2
6,57.75,2
6,56.25,2
6,54.75,2
6,51.75,2
6,50.25,2
6,48.75,2
6,47.25,2
6,45.75,2
6,44.25,2
6,42.75,2
6,41.25,2
6,39.75,2
6,38.25,2
6,36.75,2
6,32.25,2
6,30.75,2
6,29.25,2
6,27.75,2
6,26.25,2
6,23.25,2
6,21.75,2
6,20.25,2
6,18.75,2
6,17.25,2
6,14.25,2
6,12.75,2
6,9.75,2
6,8.25,2
6,6.75,2
6,5.25,2
6,3.75,2
7.5,65.25,2
7.5,63.75,2
7.5,62.25,2
7.5,60.75,2
7.5,59.25,2
7.5,57.75,2
7.5,56.25,2
7.5,54.75,2
7.5,53.25,2
7.5,51.75,2
7.5,50.25,2
7.5,48.75,2
7.5,47.25,2
7.5,45.75,2
7.5,44.25,2
7.5,42.75,2
7.5,41.25,2
7.5,39.75,2
7.5,38.25,2
7.5,36.75,2
7.5,35.25,2
7.5,33.75,2
7.5,32.25,2
7.5,30.75,2
7.5,29.25,2
7.5,27.75,2
7.5,26.25,2
7.5,24.75,2
7.5,23.25,2
7.5,21.75,2
7.5,20.25,2
7.5,18.75,2
7.5,17.25,2
7.5,15.75,2
7.5,14.25,2
7.5,12.75,2
7.5,11.25,2
7.5,9.75,2
7.5,8.25,2
7.5,6.75,2
7.5,5.25,2
7.5,3.75,2
9,36.75,2
9,33.75,2
9,30.75,2
9,21.75,2
10.5,51.75,2
10.5,50.25,2
10.5,48.75,2
10.5,45.75,2
10.5,44.25,2
10.5,42.75,2
10.5,39.75,2
10.5,38.25,2
10.5,36.75,2
10.5,33.75,2
10.5,30.75,2
10.5,29.25,2
10.5,27.75,2
10.5,26.25,2
10.5,24.75,2
10.5,21.75,2
10.5,20.25,2
10.5,18.75,2
10.5,17.25,2
10.5,15.75,2
10.5,14.25,2
10.5,12.75,2
10.5,11.25,2
10.5,9.75,2
10.5,8.25,2
10.5,6.75,2
10.5,5.25,2
12,51.75,2
12,50.25,2
12,48.75,2
12,45.75,2
12,44.25,2
12,42.75,2
12,39.75,2
12,38.25,2
12,36.75,2
12,33.75,2
12,30.75,2
12,29.25,2
12,27.75,2
12,26.25,2
12,24.75,2
12,21.75,2
12,20.25,2
12,18.75,2
12,17.25,2
12,15.75,2
12,14.25,2
12,12.75,2
12,11.25,2
12,9.75,2
12,8.25,2
12,6.75,2
13.5,51.75,2
13.5,50.25,2
13.5,48.75,2
13.5,45.75,2
13.5,44.25,2
13.5,42.75,2
13.5,39.75,2
13.5,38.25,2
13.5,36.75,2
13.5,33.75,2
13.5,30.75,2
13.5,29.25,2
13.5,27.75,2
13.5,26.25,2
13.5,24.75,2
13.5,21.75,2
13.5,20.25,2
13.5,18.75,2
13.5,17.25,2
13.5,15.75,2
13.5,14.25,2
13.5,12.75,2
13.5,11.25,2
13.5,9.75,2
13.5,8.25,2
13.5,6.75,2
15,33.75,2
15,21.75,2
16.5,33.75,2
16.5,32.25,2
16.5,23.25,2
16.5,21.75,2
18,33.75,2
18,32.25,2
18,23.25,2
18,21.75,2
19.5,33.75,2
19.5,32.25,2
19.5,30.75,2
19.5,29.25,2
19.5,27.75,2
19.5,26.25,2
19.5,24.75,2
19.5,23.25,2
19.5,21.75,2
19.5,20.25,2
21,33.75,2
21,32.25,2
21,23.25,2
21,21.75,2
22.5,39.75,2
22.5,38.25,2
22.5,36.75,2
22.5,35.25,2
22.5,33.75,2
22.5,32.25,2
22.5,30.75,2
22.5,29.25,2
22.5,27.75,2
22.5,26.25,2
22.5,24.75,2
22.5,23.25,2
22.5,21.75,2
22.5,20.25,2
24,39.75,2
24,38.25,2
24,36.75,2
24,35.25,2
24,33.75,2
24,32.25,2
24,30.75,2
24,29.25,2
24,27.75,2
24,26.25,2
24,24.75,2
24,23.25,2
24,21.75,2
24,20.25,2
25.5,39.75,2
25.5,38.25,2
25.5,36.75,2
25.5,35.25,2
25.5,33.75,2
25.5,19.5,2
27,39.75,2
27,38.25,2
27,36.75,2
27,35.25,2
27,33.75,2
27,32.25,2
27,30.75,2
27,29.25,2
27,27.75,2
27,26.25,2
27,24.75,2
27,23.25,2
27,21.75,2
27,19.5,2
28.5,38.25,2
28.5,36.75,2
28.5,35.25,2
28.5,32.25,2
28.5,30.75,2
28.5,29.25,2
28.5,27.75,2
28.5,24.75,2
28.5,23.25,2
28.5,21.75,2
28.5,19.5,2
30,38.25,2
30,35.25,2
30,32.25,2
30,30.75,2
30,27.75,2
30,23.25,2
30,21.75,2
30,19.5,2
31.5,38.25,2
31.5,32.25,2
31.5,30.75,2
31.5,23.25,2
31.5,21.75,2
31.5,19.5,2
33,38.25,2
33,32.25,2
33,30.75,2
33,23.25,2
33,21.75,2
33,19.5,2
34.5,38.25,2
34.5,32.25,2
34.5,30.75,2
34.5,23.25,2
34.5,21.75,2
36,38.25,2
36,35.25,2
36,32.25,2
36,30.75,2
36,23.25,2
36,21.75,2
37.5,38.25,2
37.5,36.75,2
37.5,35.25,2
37.5,32.25,2
37.5,30.75,2
37.5,29.25,2
37.5,27.75,2
37.5,24.75,2
37.5,23.25,2
37.5,21.75,2
39,38.25,2
39,36.75,2
39,35.25,2
39,33.75,2
39,32.25,2
39,30.75,2
39,29.25,2
39,27.75,2
39,26.25,2
39,24.75,2
39,23.25,2
39,21.75,2
1.5,65.25,3
3,66,3
3,64.5,3
4.5,66,3
4.5,64.5,3
6,65.25,3
7.5,65.25,3
7.5,63.75,3
7.5,62.25,3
7.5,60.75,3
7.5,59.25,3
7.5,57.75,3
7.5,56.25,3
7.5,54.75,3
7.5,53.25,3
7.5,51.75,3
7.5,50.25,3
7.5,48.75,3
7.5,47.25,3
7.5,45.75,3
7.5,44.25,3
7.5,42.75,3
7.5,41.25,3
7.5,39.75,3
7.5,38.25,3
7.5,36.75,3
7.5,35.25,3
7.5,33.75,3
7.5,32.25,3
7.5,30.75,3
7.5,29.25,3
7.5,27.75,3
7.5,26.25,3
7.5,24.75,3
7.5,23.25,3
7.5,21.75,3
7.5,20.25,3
7.5,18.75,3
7.5,17.25,3
7.5,15.75,3
7.5,14.25,3
7.5,12.75,3
7.5,11.25,3
7.5,9.75,3
7.5,8.25,3
7.5,6.75,3
7.5,5.25,3
7.5,3.75,3
9,33.75,3
9,32.25,3
9,30.75,3
9,29.25,3
9,27.75,3
9,26.25,3
9,24.75,3
9,23.25,3
9,21.75,3
10.5,33.75,3
10.5,21.75,3
12,33.75,3
12,21.75,3
13.5,33.75,3
13.5,21.75,3
15,33.75,3
15,21.75,3
16.5,33.75,3
16.5,32.25,3
16.5,30.75,3
16.5,29.25,3
16.5,27.75,3
16.5,26.25,3
16.5,24.75,3
16.5,23.25,3
16.5,21.75,3
18,33.75,3
18,32.25,3
18,30.75,3
18,29.25,3
18,27.75,3
18,26.25,3
18,24.75,3
18,23.25,3
18,21.75,3
19.5,33.75,3
19.5,32.25,3
19.5,23.25,3
19.5,21.75,3
19.5,20.25,3
21,33.75,3
21,32.25,3
21,23.25,3
21,21.75,3
22.5,39.75,3
22.5,38.25,3
22.5,36.75,3
22.5,35.25,3
22.5,33.75,3
22.5,32.25,3
22.5,30.75,3
22.5,29.25,3
22.5,27.75,3
22.5,26.25,3
22.5,24.75,3
22.5,23.25,3
22.5,21.75,3
22.5,20.25,3
22.5,18.75,3
24,39.75,3
24,38.25,3
24,36.75,3
24,35.25,3
24,33.75,3
24,32.25,3
24,30.75,3
24,29.25,3
24,27.75,3
24,26.25,3
24,24.75,3
24,23.25,3
24,21.75,3
24,20.25,3
24,18.75,3
25.5,18.75,3
27,18.75,3
28.5,18.75,3
30,18.75,3
31.5,18.75,3
33,18.75,3
1.5,65.25,4
3,66,4
3,64.5,4
4.5,66,4
4.5,64.5,4
6,65.25,4
7.5,65.25,4
7.5,63.75,4
7.5,62.25,4
7.5,60.75,4
7.5,59.25,4
7.5,57.75,4
7.5,56.25,4
7.5,54.75,4
7.5,53.25,4
7.5,51.75,4
7.5,50.25,4
7.5,48.75,4
7.5,47.25,4
7.5,45.75,4
7.5,44.25,4
7.5,42.75,4
7.5,41.25,4
7.5,39.75,4
7.5,38.25,4
7.5,36.75,4
7.5,35.25,4
7.5,33.75,4
7.5,32.25,4
7.5,30.75,4
7.5,29.25,4
7.5,27.75,4
7.5,26.25,4
7.5,24.75,4
7.5,23.25,4
7.5,21.75,4
7.5,20.25,4
7.5,18.75,4
7.5,17.25,4
7.5,15.75,4
7.5,14.25,4
7.5,12.75,4
7.5,11.25,4
7.5,8.25,4
7.5,6.75,4
7.5,5.25,4
9,33.75,4
9,32.25,4
9,30.75,4
9,29.25,4
9,27.75,4
9,26.25,4
9,24.75,4
9,23.25,4
9,21.75,4
12,33.75,4
12,21.75,4
13.5,33.75,4
13.5,21.75,4
15,33.75,4
15,21.75,4
16.5,33.75,4
16.5,32.25,4
16.5,23.25,4
16.5,21.75,4
18,33.75,4
18,32.25,4
18,23.25,4
18,21.75,4
19.5,33.75,4
19.5,32.25,4
19.5,30.75,4
19.5,29.25,4
19.5,27.75,4
19.5,26.25,4
19.5,24.75,4
19.5,23.25,4
19.5,21.75,4
19.5,20.25,4
21,33.75,4
21,32.25,4
21,23.25,4
21,21.75,4
22.5,33.75,4
22.5,32.25,4
22.5,30.75,4
22.5,29.25,4
22.5,27.75,4
22.5,26.25,4
22.5,24.75,4
22.5,23.25,4
22.5,21.75,4
22.5,20.25,4
22.5,18.75,4
22.5,17.25,4
22.5,15.75,4
24,33.75,4
24,21.75,4
24,15.75,4
25.5,33.75,4
25.5,21.75,4
25.5,15.75,4
27,33.75,4
27,21.75,4
27,15.75,4
28.5,33.75,4
28.5,21.75,4
30,33.75,4
30,32.25,4
30,30.75,4
30,29.25,4
30,27.75,4
30,26.25,4
30,24.75,4
30,23.25,4
30,21.75,4
31.5,33.75,4
31.5,32.25,4
31.5,30.75,4
31.5,29.25,4
31.5,27.75,4
31.5,26.25,4
31.5,24.75,4
31.5,23.25,4
31.5,21.75,4
33,33.75,4
33,32.25,4
33,30.75,4
33,29.25,4
33,27.75,4
33,26.25,4
33,24.75,4
33,23.25,4
33,21.75,4
34.5,33.75,4
34.5,32.25,4
34.5,30.75,4
34.5,29.25,4
34.5,27.75,4
34.5,26.25,4
34.5,24.75,4
34.5,23.25,4
34.5,21.75,4
6,65.25,5
7.5,65.25,5
7.5,63.75,5
7.5,62.25,5
7.5,60.75,5
7.5,59.25,5
7.5,57.75,5
7.5,56.25,5
7.5,54.75,5
7.5,53.25,5
7.5,51.75,5
7.5,50.25,5
7.5,48.75,5
7.5,47.25,5
7.5,45.75,5
7.5,44.25,5
7.5,42.75,5
7.5,41.25,5
7.5,39.75,5
7.5,38.25,5
7.5,36.75,5
7.5,35.25,5
7.5,33.75,5
7.5,32.25,5
7.5,30.75,5
7.5,29.25,5
7.5,27.75,5
7.5,26.25,5
7.5,24.75,5
7.5,23.25,5
7.5,21.75,5
7.5,20.25,5
7.5,18.75,5
7.5,17.25,5
7.5,15.75,5
7.5,14.25,5
7.5,12.75,5
9,33.75,5
9,32.25,5
9,30.75,5
9,29.25,5
9,27.75,5
9,26.25,5
9,24.75,5
9,23.25,5
9,21.75,5
12,33.75,5
12,32.25,5
12,21.75,5
13.5,33.75,5
13.5,32.25,5
13.5,21.75,5
15,33.75,5
15,32.25,5
15,21.75,5
16.5,33.75,5
16.5,32.25,5
16.5,30.75,5
16.5,29.25,5
16.5,27.75,5
16.5,26.25,5
16.5,24.75,5
16.5,23.25,5
16.5,21.75,5
18,33.75,5
18,32.25,5
18,30.75,5
18,29.25,5
18,27.75,5
18,26.25,5
18,24.75,5
18,23.25,5
18,21.75,5
19.5,33.75,5
19.5,32.25,5
19.5,23.25,5
19.5,21.75,5
19.5,20.25,5
21,33.75,5
21,32.25,5
21,23.25,5
21,21.75,5
22.5,33.75,5
22.5,32.25,5
22.5,30.75,5
22.5,29.25,5
22.5,27.75,5
22.5,26.25,5
22.5,24.75,5
22.5,23.25,5
22.5,21.75,5
22.5,20.25,5
22.5,18.75,5
22.5,17.25,5
22.5,15.75,5
24,33.75,5
24,21.75,5
24,15.75,5
25.5,33.75,5
25.5,21.75,5
25.5,15.75,5
27,33.75,5
27,21.75,5
27,15.75,5
28.5,33.75,5
28.5,21.75,5
30,33.75,5
30,23.25,5
30,21.75,5
31.5,33.75,5
31.5,23.25,5
31.5,21.75,5
33,33.75,5
33,21.75,5
34.5,33.75,5
34.5,32.25,5
34.5,30.75,5
34.5,29.25,5
34.5,27.75,5
34.5,26.25,5
34.5,24.75,5
34.5,23.25,5
34.5,21.75,5
34.5,20.25,5
34.5,18.75,5
